Time [s],Channel 0,Channel 1,Channel 2
0.000000000,1,1,0
1.562458167,0,1,0
1.562467750,0,0,0
1.578122542,0,0,1
1.714483208,0,1,1
1.714484333,1,1,1
2.420815875,0,1,1
2.420825333,0,0,1
2.438165417,0,0,0
2.598579958,0,1,0
2.598594000,1,1,0
3.050574792,0,1,0
3.050584375,0,0,0
3.068199000,0,0,1
3.180974833,0,1,1
3.180974958,1,1,1
3.519288167,0,1,1
3.519297917,0,0,1
3.538224792,0,0,0
3.663556542,0,1,0
3.663556625,1,1,0
4.724099667,0,1,0
4.724109292,0,0,0
4.743290875,0,0,1
4.822913875,1,1,1
4.940127458,0,1,1
4.940137042,0,0,1
4.958302667,0,0,0
5.047239292,0,1,0
5.047239583,1,1,0
5.397193333,0,1,0
5.397202875,0,0,0
5.413327625,0,0,1
5.528862500,0,1,1
5.528862958,1,1,1
6.080579958,0,1,1
6.080589417,0,0,1
6.098365167,0,0,0
6.167045292,0,1,0
6.167045833,1,1,0
6.276262583,0,1,0
6.276272333,0,0,0
6.293375875,0,0,1
6.368651042,1,1,1
6.657599625,0,1,1
6.657609167,0,0,1
6.673396708,0,0,0
6.772325458,0,1,0
6.772354958,1,1,0
6.772356250,0,1,0
6.772356333,1,1,0
6.772358583,0,1,0
6.772358625,1,1,0
6.772360292,0,1,0
6.772360333,1,1,0
6.772360917,0,1,0
6.772360958,1,1,0
6.772362833,0,1,0
6.772363125,0,0,0
6.774150042,0,1,0
6.774150250,1,1,0
7.096960292,0,1,0
7.096961792,1,1,0
7.096961833,0,1,0
7.096970750,0,0,0
7.113420833,0,0,1
7.277981250,0,1,1
7.277981750,1,1,1
7.680092542,0,1,1
7.680102083,0,0,1
7.698452958,0,0,0
7.930098042,0,1,0
7.930098292,1,1,0
8.273622458,0,1,0
8.273632083,0,0,0
8.293485583,0,0,1
8.528515375,0,1,1
8.528515750,1,1,1
8.776093708,0,1,1
8.776103250,0,0,1
8.793513000,0,0,0
8.877429417,1,1,0
8.984256458,0,1,0
8.984266000,0,0,0
9.003524500,0,0,1
9.083480625,0,1,1
9.083480917,1,1,1
9.201841458,0,1,1
9.201851083,0,0,1
9.218536333,0,0,0
9.310086708,0,1,0
9.310087250,1,1,0
9.420523375,0,1,0
9.420532875,0,0,0
9.438548375,0,0,1
9.501682333,1,1,1
9.622738708,0,1,1
9.622748417,0,0,1
9.638559375,0,0,0
9.758963042,0,1,0
9.758963250,1,1,0
10.726907125,0,1,0
10.726916958,0,0,0
10.743619958,0,0,1
10.978676458,0,1,1
10.978676583,1,1,1
13.077333333,1,1,1
